[
    {
      "model": "admin.logentry",
      "pk": 1,
      "fields": {
        "action_time": "2022-04-05T09:10:42.416Z",
        "user": 1,
        "content_type": 4,
        "object_id": "1",
        "object_repr": "admin",
        "action_flag": 2,
        "change_message": "[{\"changed\": {\"fields\": [\"First name\", \"Last name\"]}}]"
      }
    },
    {
      "model": "admin.logentry",
      "pk": 2,
      "fields": {
        "action_time": "2022-04-05T09:44:34.329Z",
        "user": 1,
        "content_type": 8,
        "object_id": "1",
        "object_repr": "Travel",
        "action_flag": 1,
        "change_message": "[{\"added\": {}}]"
      }
    },
    {
      "model": "admin.logentry",
      "pk": 3,
      "fields": {
        "action_time": "2022-04-05T09:44:41.753Z",
        "user": 1,
        "content_type": 8,
        "object_id": "2",
        "object_repr": "Food",
        "action_flag": 1,
        "change_message": "[{\"added\": {}}]"
      }
    },
    {
      "model": "admin.logentry",
      "pk": 4,
      "fields": {
        "action_time": "2022-04-05T09:44:47.290Z",
        "user": 1,
        "content_type": 8,
        "object_id": "3",
        "object_repr": "Tips",
        "action_flag": 1,
        "change_message": "[{\"added\": {}}]"
      }
    },
    {
      "model": "admin.logentry",
      "pk": 5,
      "fields": {
        "action_time": "2022-04-05T09:57:13.812Z",
        "user": 1,
        "content_type": 8,
        "object_id": "4",
        "object_repr": "Ideas",
        "action_flag": 1,
        "change_message": "[{\"added\": {}}]"
      }
    },
    {
      "model": "admin.logentry",
      "pk": 6,
      "fields": {
        "action_time": "2022-04-05T19:02:26.778Z",
        "user": 5,
        "content_type": 7,
        "object_id": "4",
        "object_repr": "what not to eat in the airport - UserItalo",
        "action_flag": 2,
        "change_message": "[{\"changed\": {\"fields\": [\"Header img\", \"Likes\"]}}]"
      }
    },
    {
      "model": "admin.logentry",
      "pk": 7,
      "fields": {
        "action_time": "2022-04-05T19:03:07.808Z",
        "user": 5,
        "content_type": 7,
        "object_id": "7",
        "object_repr": "9 Tips For Pairing Wine & Food - beatriz",
        "action_flag": 3,
        "change_message": ""
      }
    },
    {
      "model": "admin.logentry",
      "pk": 8,
      "fields": {
        "action_time": "2022-04-05T19:03:47.370Z",
        "user": 5,
        "content_type": 7,
        "object_id": "3",
        "object_repr": "My First Trip to Hong Kong - UserItalo",
        "action_flag": 2,
        "change_message": "[{\"changed\": {\"fields\": [\"Likes\"]}}]"
      }
    },
    {
      "model": "admin.logentry",
      "pk": 9,
      "fields": {
        "action_time": "2022-04-05T19:04:21.367Z",
        "user": 5,
        "content_type": 7,
        "object_id": "2",
        "object_repr": "This a second test - admin",
        "action_flag": 3,
        "change_message": ""
      }
    },
    {
      "model": "admin.logentry",
      "pk": 10,
      "fields": {
        "action_time": "2022-04-05T19:04:54.137Z",
        "user": 5,
        "content_type": 7,
        "object_id": "3",
        "object_repr": "My First Trip to Hong Kong - UserItalo",
        "action_flag": 2,
        "change_message": "[{\"changed\": {\"fields\": [\"Header img\"]}}]"
      }
    },
    {
      "model": "admin.logentry",
      "pk": 11,
      "fields": {
        "action_time": "2022-04-05T19:05:26.106Z",
        "user": 5,
        "content_type": 7,
        "object_id": "1",
        "object_repr": "teste - admin",
        "action_flag": 3,
        "change_message": ""
      }
    },
    {
      "model": "admin.logentry",
      "pk": 12,
      "fields": {
        "action_time": "2022-04-05T19:10:52.165Z",
        "user": 5,
        "content_type": 7,
        "object_id": "9",
        "object_repr": "9 Best Places to Visit in Venice - UserItalo",
        "action_flag": 1,
        "change_message": "[{\"added\": {}}]"
      }
    },
    {
      "model": "admin.logentry",
      "pk": 13,
      "fields": {
        "action_time": "2022-04-07T20:42:28.243Z",
        "user": 1,
        "content_type": 4,
        "object_id": "6",
        "object_repr": "Paulo",
        "action_flag": 3,
        "change_message": ""
      }
    },
    {
      "model": "admin.logentry",
      "pk": 14,
      "fields": {
        "action_time": "2022-04-10T09:27:44.143Z",
        "user": 1,
        "content_type": 9,
        "object_id": "6",
        "object_repr": "bia",
        "action_flag": 2,
        "change_message": "[{\"changed\": {\"fields\": [\"Bio\"]}}]"
      }
    },
    {
      "model": "admin.logentry",
      "pk": 15,
      "fields": {
        "action_time": "2022-04-10T09:27:51.590Z",
        "user": 1,
        "content_type": 9,
        "object_id": "2",
        "object_repr": "UserItalo",
        "action_flag": 2,
        "change_message": "[]"
      }
    },
    {
      "model": "admin.logentry",
      "pk": 16,
      "fields": {
        "action_time": "2022-04-10T09:30:57.835Z",
        "user": 1,
        "content_type": 9,
        "object_id": "4",
        "object_repr": "biabia",
        "action_flag": 2,
        "change_message": "[{\"changed\": {\"fields\": [\"Bio\"]}}]"
      }
    },
    {
      "model": "admin.logentry",
      "pk": 17,
      "fields": {
        "action_time": "2022-04-10T09:31:04.868Z",
        "user": 1,
        "content_type": 9,
        "object_id": "6",
        "object_repr": "bia",
        "action_flag": 2,
        "change_message": "[]"
      }
    },
    {
      "model": "admin.logentry",
      "pk": 18,
      "fields": {
        "action_time": "2022-04-10T09:31:11.063Z",
        "user": 1,
        "content_type": 9,
        "object_id": "5",
        "object_repr": "elise",
        "action_flag": 2,
        "change_message": "[]"
      }
    },
    {
      "model": "admin.logentry",
      "pk": 19,
      "fields": {
        "action_time": "2022-04-10T09:31:17.498Z",
        "user": 1,
        "content_type": 9,
        "object_id": "4",
        "object_repr": "biabia",
        "action_flag": 2,
        "change_message": "[]"
      }
    },
    {
      "model": "admin.logentry",
      "pk": 20,
      "fields": {
        "action_time": "2022-04-10T09:31:31.954Z",
        "user": 1,
        "content_type": 4,
        "object_id": "3",
        "object_repr": "Ruth",
        "action_flag": 2,
        "change_message": "[{\"changed\": {\"fields\": [\"Username\"]}}]"
      }
    },
    {
      "model": "admin.logentry",
      "pk": 21,
      "fields": {
        "action_time": "2022-04-10T09:31:34.737Z",
        "user": 1,
        "content_type": 9,
        "object_id": "3",
        "object_repr": "Ruth",
        "action_flag": 2,
        "change_message": "[]"
      }
    },
    {
      "model": "admin.logentry",
      "pk": 22,
      "fields": {
        "action_time": "2022-04-10T09:31:49.553Z",
        "user": 1,
        "content_type": 4,
        "object_id": "2",
        "object_repr": "Italo",
        "action_flag": 2,
        "change_message": "[{\"changed\": {\"fields\": [\"Username\"]}}]"
      }
    },
    {
      "model": "admin.logentry",
      "pk": 23,
      "fields": {
        "action_time": "2022-04-10T09:31:55.056Z",
        "user": 1,
        "content_type": 9,
        "object_id": "2",
        "object_repr": "Italo",
        "action_flag": 2,
        "change_message": "[]"
      }
    },
    {
      "model": "admin.logentry",
      "pk": 24,
      "fields": {
        "action_time": "2022-04-10T09:34:13.238Z",
        "user": 1,
        "content_type": 9,
        "object_id": "1",
        "object_repr": "admin",
        "action_flag": 2,
        "change_message": "[{\"changed\": {\"fields\": [\"Bio\"]}}]"
      }
    },
    {
      "model": "admin.logentry",
      "pk": 25,
      "fields": {
        "action_time": "2022-04-10T09:46:18.040Z",
        "user": 1,
        "content_type": 10,
        "object_id": "3",
        "object_repr": "My First Trip to Hong Kong - admin",
        "action_flag": 2,
        "change_message": "[]"
      }
    },
    {
      "model": "admin.logentry",
      "pk": 26,
      "fields": {
        "action_time": "2022-04-10T09:51:10.463Z",
        "user": 1,
        "content_type": 10,
        "object_id": "3",
        "object_repr": "My First Trip to Hong Kong - admin",
        "action_flag": 2,
        "change_message": "[{\"changed\": {\"fields\": [\"Body\"]}}]"
      }
    },
    {
      "model": "admin.logentry",
      "pk": 27,
      "fields": {
        "action_time": "2022-04-10T09:51:22.659Z",
        "user": 1,
        "content_type": 10,
        "object_id": "3",
        "object_repr": "My First Trip to Hong Kong - admin",
        "action_flag": 2,
        "change_message": "[]"
      }
    },
    {
      "model": "admin.logentry",
      "pk": 28,
      "fields": {
        "action_time": "2022-04-10T09:52:01.451Z",
        "user": 1,
        "content_type": 10,
        "object_id": "4",
        "object_repr": "My First Trip to Hong Kong - Ruth",
        "action_flag": 1,
        "change_message": "[{\"added\": {}}]"
      }
    },
    {
      "model": "admin.logentry",
      "pk": 29,
      "fields": {
        "action_time": "2022-04-10T10:06:12.444Z",
        "user": 1,
        "content_type": 7,
        "object_id": "14",
        "object_repr": "test - anita",
        "action_flag": 3,
        "change_message": ""
      }
    },
    {
      "model": "admin.logentry",
      "pk": 30,
      "fields": {
        "action_time": "2022-04-10T10:06:12.472Z",
        "user": 1,
        "content_type": 7,
        "object_id": "13",
        "object_repr": "test - anita",
        "action_flag": 3,
        "change_message": ""
      }
    },
    {
      "model": "admin.logentry",
      "pk": 31,
      "fields": {
        "action_time": "2022-04-10T10:06:12.498Z",
        "user": 1,
        "content_type": 7,
        "object_id": "12",
        "object_repr": "Test - anita",
        "action_flag": 3,
        "change_message": ""
      }
    },
    {
      "model": "admin.logentry",
      "pk": 32,
      "fields": {
        "action_time": "2022-07-18T12:35:06.309Z",
        "user": 1,
        "content_type": 8,
        "object_id": "8",
        "object_repr": "test3",
        "action_flag": 3,
        "change_message": ""
      }
    },
    {
      "model": "admin.logentry",
      "pk": 33,
      "fields": {
        "action_time": "2022-07-18T12:35:06.355Z",
        "user": 1,
        "content_type": 8,
        "object_id": "7",
        "object_repr": "test2 category",
        "action_flag": 3,
        "change_message": ""
      }
    },
    {
      "model": "admin.logentry",
      "pk": 34,
      "fields": {
        "action_time": "2022-07-18T12:35:06.376Z",
        "user": 1,
        "content_type": 8,
        "object_id": "6",
        "object_repr": "test category",
        "action_flag": 3,
        "change_message": ""
      }
    },
    {
      "model": "admin.logentry",
      "pk": 35,
      "fields": {
        "action_time": "2022-08-30T19:08:07.517Z",
        "user": 1,
        "content_type": 8,
        "object_id": "14",
        "object_repr": "newteste",
        "action_flag": 3,
        "change_message": ""
      }
    },
    {
      "model": "admin.logentry",
      "pk": 36,
      "fields": {
        "action_time": "2022-08-31T19:08:05.912Z",
        "user": 1,
        "content_type": 8,
        "object_id": "17",
        "object_repr": "best drinks",
        "action_flag": 3,
        "change_message": ""
      }
    },
    {
      "model": "admin.logentry",
      "pk": 37,
      "fields": {
        "action_time": "2022-08-31T19:08:05.933Z",
        "user": 1,
        "content_type": 8,
        "object_id": "16",
        "object_repr": "best countries",
        "action_flag": 3,
        "change_message": ""
      }
    },
    {
      "model": "admin.logentry",
      "pk": 38,
      "fields": {
        "action_time": "2022-08-31T19:08:05.952Z",
        "user": 1,
        "content_type": 8,
        "object_id": "15",
        "object_repr": "kamo",
        "action_flag": 3,
        "change_message": ""
      }
    },
    {
      "model": "admin.logentry",
      "pk": 39,
      "fields": {
        "action_time": "2022-08-31T19:08:05.971Z",
        "user": 1,
        "content_type": 8,
        "object_id": "12",
        "object_repr": "next category",
        "action_flag": 3,
        "change_message": ""
      }
    },
    {
      "model": "admin.logentry",
      "pk": 40,
      "fields": {
        "action_time": "2022-08-31T20:15:16.335Z",
        "user": 1,
        "content_type": 8,
        "object_id": "19",
        "object_repr": "testeone",
        "action_flag": 3,
        "change_message": ""
      }
    },
    {
      "model": "admin.logentry",
      "pk": 41,
      "fields": {
        "action_time": "2022-08-31T20:15:16.337Z",
        "user": 1,
        "content_type": 8,
        "object_id": "18",
        "object_repr": "Best drinks",
        "action_flag": 3,
        "change_message": ""
      }
    },
    {
      "model": "admin.logentry",
      "pk": 42,
      "fields": {
        "action_time": "2022-08-31T20:19:48.105Z",
        "user": 1,
        "content_type": 8,
        "object_id": "20",
        "object_repr": "New category",
        "action_flag": 3,
        "change_message": ""
      }
    },
    {
      "model": "admin.logentry",
      "pk": 43,
      "fields": {
        "action_time": "2022-09-02T13:34:07.754Z",
        "user": 1,
        "content_type": 8,
        "object_id": "22",
        "object_repr": "Friday2",
        "action_flag": 3,
        "change_message": ""
      }
    },
    {
      "model": "admin.logentry",
      "pk": 44,
      "fields": {
        "action_time": "2022-09-02T13:34:07.784Z",
        "user": 1,
        "content_type": 8,
        "object_id": "21",
        "object_repr": "Friday",
        "action_flag": 3,
        "change_message": ""
      }
    },
    {
      "model": "admin.logentry",
      "pk": 45,
      "fields": {
        "action_time": "2022-09-03T08:15:38.744Z",
        "user": 1,
        "content_type": 8,
        "object_id": "23",
        "object_repr": "Travel restrictions",
        "action_flag": 3,
        "change_message": ""
      }
    },
    {
      "model": "admin.logentry",
      "pk": 46,
      "fields": {
        "action_time": "2022-09-03T08:15:38.768Z",
        "user": 1,
        "content_type": 8,
        "object_id": "9",
        "object_repr": "Drinks",
        "action_flag": 3,
        "change_message": ""
      }
    },
    {
      "model": "admin.logentry",
      "pk": 47,
      "fields": {
        "action_time": "2022-09-03T08:16:06.785Z",
        "user": 1,
        "content_type": 9,
        "object_id": "2",
        "object_repr": "Italo",
        "action_flag": 3,
        "change_message": ""
      }
    },
    {
      "model": "admin.logentry",
      "pk": 48,
      "fields": {
        "action_time": "2022-09-03T08:16:37.322Z",
        "user": 1,
        "content_type": 7,
        "object_id": "36",
        "object_repr": "test - arthurneto",
        "action_flag": 3,
        "change_message": ""
      }
    },
    {
      "model": "admin.logentry",
      "pk": 49,
      "fields": {
        "action_time": "2022-09-03T08:16:37.342Z",
        "user": 1,
        "content_type": 7,
        "object_id": "35",
        "object_repr": "Itinerary in Cuba - arthurneto",
        "action_flag": 3,
        "change_message": ""
      }
    },
    {
      "model": "admin.logentry",
      "pk": 50,
      "fields": {
        "action_time": "2022-09-03T08:31:31.289Z",
        "user": 1,
        "content_type": 8,
        "object_id": "24",
        "object_repr": "sabado",
        "action_flag": 3,
        "change_message": ""
      }
    },
    {
      "model": "admin.logentry",
      "pk": 51,
      "fields": {
        "action_time": "2022-09-03T10:26:30.516Z",
        "user": 1,
        "content_type": 8,
        "object_id": "13",
        "object_repr": "teste",
        "action_flag": 3,
        "change_message": ""
      }
    },
    {
      "model": "admin.logentry",
      "pk": 52,
      "fields": {
        "action_time": "2022-09-03T10:26:30.537Z",
        "user": 1,
        "content_type": 8,
        "object_id": "11",
        "object_repr": "categorytest",
        "action_flag": 3,
        "change_message": ""
      }
    },
    {
      "model": "admin.logentry",
      "pk": 53,
      "fields": {
        "action_time": "2022-09-03T10:26:30.557Z",
        "user": 1,
        "content_type": 8,
        "object_id": "10",
        "object_repr": "nightclub",
        "action_flag": 3,
        "change_message": ""
      }
    },
    {
      "model": "admin.logentry",
      "pk": 54,
      "fields": {
        "action_time": "2022-09-03T10:26:30.577Z",
        "user": 1,
        "content_type": 8,
        "object_id": "5",
        "object_repr": "Visa",
        "action_flag": 3,
        "change_message": ""
      }
    },
    {
      "model": "admin.logentry",
      "pk": 55,
      "fields": {
        "action_time": "2022-09-03T10:26:30.597Z",
        "user": 1,
        "content_type": 8,
        "object_id": "4",
        "object_repr": "Ideas",
        "action_flag": 3,
        "change_message": ""
      }
    },
    {
      "model": "admin.logentry",
      "pk": 56,
      "fields": {
        "action_time": "2022-09-03T10:26:30.618Z",
        "user": 1,
        "content_type": 8,
        "object_id": "3",
        "object_repr": "Tips",
        "action_flag": 3,
        "change_message": ""
      }
    },
    {
      "model": "admin.logentry",
      "pk": 57,
      "fields": {
        "action_time": "2022-09-03T10:26:30.638Z",
        "user": 1,
        "content_type": 8,
        "object_id": "2",
        "object_repr": "Food",
        "action_flag": 3,
        "change_message": ""
      }
    },
    {
      "model": "admin.logentry",
      "pk": 58,
      "fields": {
        "action_time": "2022-09-03T10:26:30.657Z",
        "user": 1,
        "content_type": 8,
        "object_id": "1",
        "object_repr": "Travel",
        "action_flag": 3,
        "change_message": ""
      }
    },
    {
      "model": "admin.logentry",
      "pk": 59,
      "fields": {
        "action_time": "2022-09-03T11:35:25.906Z",
        "user": 1,
        "content_type": 8,
        "object_id": "25",
        "object_repr": "sabado",
        "action_flag": 3,
        "change_message": ""
      }
    },
    {
      "model": "admin.logentry",
      "pk": 60,
      "fields": {
        "action_time": "2022-09-03T16:25:43.713Z",
        "user": 1,
        "content_type": 7,
        "object_id": "9",
        "object_repr": "9 Best Places to Visit in Venice - Italo",
        "action_flag": 3,
        "change_message": ""
      }
    },
    {
      "model": "admin.logentry",
      "pk": 61,
      "fields": {
        "action_time": "2022-09-03T16:25:43.717Z",
        "user": 1,
        "content_type": 7,
        "object_id": "4",
        "object_repr": "what not to eat in the airport - Italo",
        "action_flag": 3,
        "change_message": ""
      }
    },
    {
      "model": "admin.logentry",
      "pk": 62,
      "fields": {
        "action_time": "2022-09-03T16:25:43.719Z",
        "user": 1,
        "content_type": 7,
        "object_id": "3",
        "object_repr": "My First Trip to Hong Kong - Italo",
        "action_flag": 3,
        "change_message": ""
      }
    },
    {
      "model": "auth.permission",
      "pk": 1,
      "fields": {
        "name": "Can add log entry",
        "content_type": 1,
        "codename": "add_logentry"
      }
    },
    {
      "model": "auth.permission",
      "pk": 2,
      "fields": {
        "name": "Can change log entry",
        "content_type": 1,
        "codename": "change_logentry"
      }
    },
    {
      "model": "auth.permission",
      "pk": 3,
      "fields": {
        "name": "Can delete log entry",
        "content_type": 1,
        "codename": "delete_logentry"
      }
    },
    {
      "model": "auth.permission",
      "pk": 4,
      "fields": {
        "name": "Can view log entry",
        "content_type": 1,
        "codename": "view_logentry"
      }
    },
    {
      "model": "auth.permission",
      "pk": 5,
      "fields": {
        "name": "Can add permission",
        "content_type": 2,
        "codename": "add_permission"
      }
    },
    {
      "model": "auth.permission",
      "pk": 6,
      "fields": {
        "name": "Can change permission",
        "content_type": 2,
        "codename": "change_permission"
      }
    },
    {
      "model": "auth.permission",
      "pk": 7,
      "fields": {
        "name": "Can delete permission",
        "content_type": 2,
        "codename": "delete_permission"
      }
    },
    {
      "model": "auth.permission",
      "pk": 8,
      "fields": {
        "name": "Can view permission",
        "content_type": 2,
        "codename": "view_permission"
      }
    },
    {
      "model": "auth.permission",
      "pk": 9,
      "fields": {
        "name": "Can add group",
        "content_type": 3,
        "codename": "add_group"
      }
    },
    {
      "model": "auth.permission",
      "pk": 10,
      "fields": {
        "name": "Can change group",
        "content_type": 3,
        "codename": "change_group"
      }
    },
    {
      "model": "auth.permission",
      "pk": 11,
      "fields": {
        "name": "Can delete group",
        "content_type": 3,
        "codename": "delete_group"
      }
    },
    {
      "model": "auth.permission",
      "pk": 12,
      "fields": {
        "name": "Can view group",
        "content_type": 3,
        "codename": "view_group"
      }
    },
    {
      "model": "auth.permission",
      "pk": 13,
      "fields": {
        "name": "Can add user",
        "content_type": 4,
        "codename": "add_user"
      }
    },
    {
      "model": "auth.permission",
      "pk": 14,
      "fields": {
        "name": "Can change user",
        "content_type": 4,
        "codename": "change_user"
      }
    },
    {
      "model": "auth.permission",
      "pk": 15,
      "fields": {
        "name": "Can delete user",
        "content_type": 4,
        "codename": "delete_user"
      }
    },
    {
      "model": "auth.permission",
      "pk": 16,
      "fields": {
        "name": "Can view user",
        "content_type": 4,
        "codename": "view_user"
      }
    },
    {
      "model": "auth.permission",
      "pk": 17,
      "fields": {
        "name": "Can add content type",
        "content_type": 5,
        "codename": "add_contenttype"
      }
    },
    {
      "model": "auth.permission",
      "pk": 18,
      "fields": {
        "name": "Can change content type",
        "content_type": 5,
        "codename": "change_contenttype"
      }
    },
    {
      "model": "auth.permission",
      "pk": 19,
      "fields": {
        "name": "Can delete content type",
        "content_type": 5,
        "codename": "delete_contenttype"
      }
    },
    {
      "model": "auth.permission",
      "pk": 20,
      "fields": {
        "name": "Can view content type",
        "content_type": 5,
        "codename": "view_contenttype"
      }
    },
    {
      "model": "auth.permission",
      "pk": 21,
      "fields": {
        "name": "Can add session",
        "content_type": 6,
        "codename": "add_session"
      }
    },
    {
      "model": "auth.permission",
      "pk": 22,
      "fields": {
        "name": "Can change session",
        "content_type": 6,
        "codename": "change_session"
      }
    },
    {
      "model": "auth.permission",
      "pk": 23,
      "fields": {
        "name": "Can delete session",
        "content_type": 6,
        "codename": "delete_session"
      }
    },
    {
      "model": "auth.permission",
      "pk": 24,
      "fields": {
        "name": "Can view session",
        "content_type": 6,
        "codename": "view_session"
      }
    },
    {
      "model": "auth.permission",
      "pk": 25,
      "fields": {
        "name": "Can add post",
        "content_type": 7,
        "codename": "add_post"
      }
    },
    {
      "model": "auth.permission",
      "pk": 26,
      "fields": {
        "name": "Can change post",
        "content_type": 7,
        "codename": "change_post"
      }
    },
    {
      "model": "auth.permission",
      "pk": 27,
      "fields": {
        "name": "Can delete post",
        "content_type": 7,
        "codename": "delete_post"
      }
    },
    {
      "model": "auth.permission",
      "pk": 28,
      "fields": {
        "name": "Can view post",
        "content_type": 7,
        "codename": "view_post"
      }
    },
    {
      "model": "auth.permission",
      "pk": 29,
      "fields": {
        "name": "Can add category",
        "content_type": 8,
        "codename": "add_category"
      }
    },
    {
      "model": "auth.permission",
      "pk": 30,
      "fields": {
        "name": "Can change category",
        "content_type": 8,
        "codename": "change_category"
      }
    },
    {
      "model": "auth.permission",
      "pk": 31,
      "fields": {
        "name": "Can delete category",
        "content_type": 8,
        "codename": "delete_category"
      }
    },
    {
      "model": "auth.permission",
      "pk": 32,
      "fields": {
        "name": "Can view category",
        "content_type": 8,
        "codename": "view_category"
      }
    },
    {
      "model": "auth.permission",
      "pk": 33,
      "fields": {
        "name": "Can add profile",
        "content_type": 9,
        "codename": "add_profile"
      }
    },
    {
      "model": "auth.permission",
      "pk": 34,
      "fields": {
        "name": "Can change profile",
        "content_type": 9,
        "codename": "change_profile"
      }
    },
    {
      "model": "auth.permission",
      "pk": 35,
      "fields": {
        "name": "Can delete profile",
        "content_type": 9,
        "codename": "delete_profile"
      }
    },
    {
      "model": "auth.permission",
      "pk": 36,
      "fields": {
        "name": "Can view profile",
        "content_type": 9,
        "codename": "view_profile"
      }
    },
    {
      "model": "auth.permission",
      "pk": 37,
      "fields": {
        "name": "Can add comment",
        "content_type": 10,
        "codename": "add_comment"
      }
    },
    {
      "model": "auth.permission",
      "pk": 38,
      "fields": {
        "name": "Can change comment",
        "content_type": 10,
        "codename": "change_comment"
      }
    },
    {
      "model": "auth.permission",
      "pk": 39,
      "fields": {
        "name": "Can delete comment",
        "content_type": 10,
        "codename": "delete_comment"
      }
    },
    {
      "model": "auth.permission",
      "pk": 40,
      "fields": {
        "name": "Can view comment",
        "content_type": 10,
        "codename": "view_comment"
      }
    },
    {
      "model": "auth.user",
      "pk": 1,
      "fields": {
        "password": "pbkdf2_sha256$260000$nl5A6YpYdLboAzlyHjWBmC$MOVcR5Dlug++0vwTFCn/3N7mJ6q0Z37ELpXVKnc3SWQ=",
        "last_login": "2022-09-04T08:24:42.732Z",
        "is_superuser": true,
        "username": "admin",
        "first_name": "Arthur",
        "last_name": "Neto",
        "email": "arthur_neto@icloud.com",
        "is_staff": true,
        "is_active": true,
        "date_joined": "2022-04-05T08:49:16Z",
        "groups": [],
        "user_permissions": []
      }
    },
    {
      "model": "auth.user",
      "pk": 2,
      "fields": {
        "password": "pbkdf2_sha256$260000$G0juYTR2AQ5pGDOsTRMXWi$meilUqOcHRmPw8KhU0FvWYVhgfjF3MpPrpppZ8ITo6Y=",
        "last_login": "2022-04-05T11:52:45Z",
        "is_superuser": false,
        "username": "Italo",
        "first_name": "Italo",
        "last_name": "Andrade",
        "email": "carlocalo@gmail.com",
        "is_staff": false,
        "is_active": true,
        "date_joined": "2022-04-05T11:52:26Z",
        "groups": [],
        "user_permissions": []
      }
    },
    {
      "model": "auth.user",
      "pk": 3,
      "fields": {
        "password": "pbkdf2_sha256$260000$2ywZj0woYOSKUt2mCXv2yA$5FUxAuVaWGMng0NYRdNveumD6+gc4P37UhmZBzl1Yqw=",
        "last_login": "2022-04-05T12:10:59Z",
        "is_superuser": false,
        "username": "Ruth",
        "first_name": "Ruth",
        "last_name": "Andrade",
        "email": "art.neto25@gmail.com",
        "is_staff": false,
        "is_active": true,
        "date_joined": "2022-04-05T12:10:50Z",
        "groups": [],
        "user_permissions": []
      }
    },
    {
      "model": "auth.user",
      "pk": 4,
      "fields": {
        "password": "pbkdf2_sha256$260000$lujyklNETaNf4F1r2bmMrk$A2RmXasKGVekB0d3uJvNqS59qerdOGwSAl6j4fQFmvg=",
        "last_login": "2022-04-06T20:45:50.045Z",
        "is_superuser": false,
        "username": "beatriz",
        "first_name": "Bea",
        "last_name": "Rei",
        "email": "bia@gmail.com",
        "is_staff": false,
        "is_active": true,
        "date_joined": "2022-04-05T18:11:35.752Z",
        "groups": [],
        "user_permissions": []
      }
    },
    {
      "model": "auth.user",
      "pk": 5,
      "fields": {
        "password": "pbkdf2_sha256$260000$urhNVpLPueQexdPzarEexD$1H0+c8aLActfHnQUB4XZyr7K6cMuiWuj/tEhCwipBg8=",
        "last_login": "2022-04-09T10:11:30.757Z",
        "is_superuser": true,
        "username": "bia",
        "first_name": "Beth",
        "last_name": "Moone",
        "email": "beth@gmail.com",
        "is_staff": true,
        "is_active": true,
        "date_joined": "2022-04-05T18:59:54.765Z",
        "groups": [],
        "user_permissions": []
      }
    },
    {
      "model": "auth.user",
      "pk": 7,
      "fields": {
        "password": "pbkdf2_sha256$260000$hZa41LfCmOgDt56oQ8bw31$eTfIwqV/iy49a6NqdFGfd5Gav2R/GN24EKa027vyn50=",
        "last_login": null,
        "is_superuser": false,
        "username": "Carlos22",
        "first_name": "carlos",
        "last_name": "neto",
        "email": "arthur_neto@icloud.com",
        "is_staff": false,
        "is_active": true,
        "date_joined": "2022-04-07T21:19:28.708Z",
        "groups": [],
        "user_permissions": []
      }
    },
    {
      "model": "auth.user",
      "pk": 8,
      "fields": {
        "password": "pbkdf2_sha256$260000$mCpEyoLKqPH1pyWCcSaaLs$TdSbSuurN/57HPWX7QEUhMiJRn0hofFOLXqGN/To2os=",
        "last_login": "2022-04-10T17:10:07.598Z",
        "is_superuser": false,
        "username": "biabia",
        "first_name": "bia",
        "last_name": "bia",
        "email": "bia@gmail.com",
        "is_staff": false,
        "is_active": true,
        "date_joined": "2022-04-08T10:29:13.326Z",
        "groups": [],
        "user_permissions": []
      }
    },
    {
      "model": "auth.user",
      "pk": 9,
      "fields": {
        "password": "pbkdf2_sha256$260000$1zyQZxTI28SSUL9QCjb4ya$fiYmAgnsUTCh0WhOrqkZyTNdzYVKSYFy0nF0NlTv4O8=",
        "last_login": "2022-04-09T10:02:13.189Z",
        "is_superuser": false,
        "username": "bia1",
        "first_name": "Bia",
        "last_name": "Rei",
        "email": "bia1@gmail.com",
        "is_staff": false,
        "is_active": true,
        "date_joined": "2022-04-08T14:25:47.468Z",
        "groups": [],
        "user_permissions": []
      }
    },
    {
      "model": "auth.user",
      "pk": 10,
      "fields": {
        "password": "pbkdf2_sha256$260000$4arpfSs6ageNucNPMs9OsC$YR5QFXdg1G0dDKwAqwadYvJZ77DAqn5nFV7RRw1LPyk=",
        "last_login": "2022-04-09T09:39:21.200Z",
        "is_superuser": false,
        "username": "elise",
        "first_name": "Elise",
        "last_name": "O'Connel",
        "email": "elise@gmail.com",
        "is_staff": false,
        "is_active": true,
        "date_joined": "2022-04-09T09:33:14.157Z",
        "groups": [],
        "user_permissions": []
      }
    },
    {
      "model": "auth.user",
      "pk": 11,
      "fields": {
        "password": "pbkdf2_sha256$260000$juTAhnlAMYrFIWvuf262rT$VHGVKv10/FBcfWwYEPppNc+9QmrRoXAWbJAM5yp25ns=",
        "last_login": "2022-04-10T09:41:04.358Z",
        "is_superuser": false,
        "username": "anita",
        "first_name": "Anita",
        "last_name": "Moone",
        "email": "anita@gmail.com",
        "is_staff": false,
        "is_active": true,
        "date_joined": "2022-04-10T09:40:52.992Z",
        "groups": [],
        "user_permissions": []
      }
    },
    {
      "model": "auth.user",
      "pk": 12,
      "fields": {
        "password": "pbkdf2_sha256$260000$2iOxxcsRPuz7EGE12zZGLK$8BaBa3Zy5vKdWsCqwOur1OvkRxnrCBqYfPgX5JE80ZA=",
        "last_login": null,
        "is_superuser": false,
        "username": "Kamilla",
        "first_name": "Kamilka",
        "last_name": "Sheep",
        "email": "kamilladiasc@gmail.com",
        "is_staff": false,
        "is_active": true,
        "date_joined": "2022-04-10T20:32:23.260Z",
        "groups": [],
        "user_permissions": []
      }
    },
    {
      "model": "auth.user",
      "pk": 13,
      "fields": {
        "password": "pbkdf2_sha256$260000$77FsikhuDKCIIUTFUhdMxF$a82nPEUi00NSS5J4rEzfvUEfc7IqD8+rjpwDYpLcT9M=",
        "last_login": null,
        "is_superuser": false,
        "username": "Daznorris",
        "first_name": "Darren",
        "last_name": "Norris",
        "email": "daznorris@gmail.com",
        "is_staff": false,
        "is_active": true,
        "date_joined": "2022-04-19T15:27:22.492Z",
        "groups": [],
        "user_permissions": []
      }
    },
    {
      "model": "auth.user",
      "pk": 14,
      "fields": {
        "password": "pbkdf2_sha256$260000$1oDUKZX5Nd3UoqeJEVoywq$7dkvxCZF/ZEVV6H1eWAAG5xQ+dBJO2zH2M5xayIoc1Q=",
        "last_login": "2022-04-28T09:55:35.231Z",
        "is_superuser": false,
        "username": "anita1",
        "first_name": "Anita",
        "last_name": "Anita",
        "email": "anita@gmail.com",
        "is_staff": false,
        "is_active": true,
        "date_joined": "2022-04-28T09:48:13.385Z",
        "groups": [],
        "user_permissions": []
      }
    },
    {
      "model": "auth.user",
      "pk": 15,
      "fields": {
        "password": "pbkdf2_sha256$260000$PKwz5oEUsBKrP9pbeR8OKw$lR19Oe3uTV5vBrakSafGC4HZ2F1K7fY1MTHzt0dUnxA=",
        "last_login": "2022-04-28T09:54:37.901Z",
        "is_superuser": false,
        "username": "luisa",
        "first_name": "Luisa",
        "last_name": "Mendez",
        "email": "mendez@gmail.com",
        "is_staff": false,
        "is_active": true,
        "date_joined": "2022-04-28T09:54:29.895Z",
        "groups": [],
        "user_permissions": []
      }
    },
    {
      "model": "auth.user",
      "pk": 16,
      "fields": {
        "password": "pbkdf2_sha256$260000$cInR9yHoD9IZfFZ9nzRGtn$V/WhoGEiBqtQZmQ8GjC3lleLQ9R0gcwHIHp3HQyOvHA=",
        "last_login": "2022-04-28T14:23:29.849Z",
        "is_superuser": false,
        "username": "aline",
        "first_name": "aline",
        "last_name": "aline",
        "email": "aline@gmail.com",
        "is_staff": false,
        "is_active": true,
        "date_joined": "2022-04-28T12:42:32.485Z",
        "groups": [],
        "user_permissions": []
      }
    },
    {
      "model": "auth.user",
      "pk": 17,
      "fields": {
        "password": "pbkdf2_sha256$260000$LxEH5EDq1ktfUHg4BQzMxw$+w/bNEMaAcKuj9LkpTyX77XBUjVghTnfe1pBPsDQl1c=",
        "last_login": "2022-08-23T06:25:00.384Z",
        "is_superuser": false,
        "username": "eval3",
        "first_name": "eval",
        "last_name": "test",
        "email": "birex24427@eoscast.com",
        "is_staff": false,
        "is_active": true,
        "date_joined": "2022-05-06T02:21:26.218Z",
        "groups": [],
        "user_permissions": []
      }
    },
    {
      "model": "auth.user",
      "pk": 18,
      "fields": {
        "password": "pbkdf2_sha256$260000$C0tSeNHsTh23chgKojcSlv$b7ISTAR28YG18f9MdnbCAI9dwl1YaANihwNCymjQFzY=",
        "last_login": "2022-05-06T02:55:26.187Z",
        "is_superuser": false,
        "username": "eval2",
        "first_name": "eval2",
        "last_name": "test",
        "email": "test@test.com",
        "is_staff": false,
        "is_active": true,
        "date_joined": "2022-05-06T02:55:17.333Z",
        "groups": [],
        "user_permissions": []
      }
    },
    {
      "model": "auth.user",
      "pk": 19,
      "fields": {
        "password": "pbkdf2_sha256$260000$JEJwxgd7rNCmHNFP9OKrru$ZgAjzBCArhU/HJE5SIjxMZatYhc2RPASeNfvH0m3pAI=",
        "last_login": "2022-05-30T11:34:15.110Z",
        "is_superuser": false,
        "username": "rolf1988",
        "first_name": "g",
        "last_name": "g",
        "email": "g@h.com",
        "is_staff": false,
        "is_active": true,
        "date_joined": "2022-05-30T11:34:03.159Z",
        "groups": [],
        "user_permissions": []
      }
    },
    {
      "model": "auth.user",
      "pk": 20,
      "fields": {
        "password": "pbkdf2_sha256$260000$YLyk5tDLxHkrl0DDt0WMwg$BwAFn1xFKPk2zzhbUPt3DGEGLBBeuwZyLXeZ1QyqHys=",
        "last_login": null,
        "is_superuser": false,
        "username": "tobbe8808",
        "first_name": "T",
        "last_name": "S",
        "email": "g@g.com",
        "is_staff": false,
        "is_active": true,
        "date_joined": "2022-05-31T23:48:52.875Z",
        "groups": [],
        "user_permissions": []
      }
    },
    {
      "model": "auth.user",
      "pk": 21,
      "fields": {
        "password": "pbkdf2_sha256$260000$BKcTfCMVyHPck95e07lsm4$RqLIwdo9lCnEcO7SidLmYCdnRQxlUvui+tItP0wx4Xo=",
        "last_login": null,
        "is_superuser": false,
        "username": "Sven",
        "first_name": "T",
        "last_name": "T",
        "email": "t@h.com",
        "is_staff": false,
        "is_active": true,
        "date_joined": "2022-06-02T21:46:07.901Z",
        "groups": [],
        "user_permissions": []
      }
    },
    {
      "model": "auth.user",
      "pk": 22,
      "fields": {
        "password": "pbkdf2_sha256$260000$uhMHEN3cjCxcNOrcrLAFs6$UNTYP3vFNm7AoujTlyuXaQtsAYTaDAEuehcvzpXXkU8=",
        "last_login": "2022-06-05T03:42:22.059Z",
        "is_superuser": false,
        "username": "bob",
        "first_name": "bob",
        "last_name": "bobo",
        "email": "bobobo@hotmail.com",
        "is_staff": false,
        "is_active": true,
        "date_joined": "2022-06-05T03:42:15.819Z",
        "groups": [],
        "user_permissions": []
      }
    },
    {
      "model": "auth.user",
      "pk": 23,
      "fields": {
        "password": "pbkdf2_sha256$260000$PJ49wWvzMNzTTM1BPMv4Zp$+tDnkd3pbujHVDXewN3y+gPwMdrG82MoJqckmDyEU04=",
        "last_login": "2022-08-30T19:00:56.037Z",
        "is_superuser": false,
        "username": "arthurneto",
        "first_name": "arthur",
        "last_name": "neto",
        "email": "art.neto25@gmail.com",
        "is_staff": false,
        "is_active": true,
        "date_joined": "2022-07-06T17:35:59.249Z",
        "groups": [],
        "user_permissions": []
      }
    },
    {
      "model": "auth.user",
      "pk": 24,
      "fields": {
        "password": "pbkdf2_sha256$260000$2HQzHk6F3GAE2NKhLe30Gg$i4fGqkAyitGYrHDia3J8Iomg2Aur8NtG+NyNn5HcA04=",
        "last_login": "2022-09-02T17:28:33.666Z",
        "is_superuser": false,
        "username": "neto25",
        "first_name": "Arthur",
        "last_name": "Neto",
        "email": "art.neto25@gmail.com",
        "is_staff": false,
        "is_active": true,
        "date_joined": "2022-07-16T16:39:27.080Z",
        "groups": [],
        "user_permissions": []
      }
    },
    {
      "model": "auth.user",
      "pk": 25,
      "fields": {
        "password": "pbkdf2_sha256$260000$1H2xuDtyzZ2fNWLAvhaPgI$UIR566cWGat7O7gVlo8FNkWrsmiNmo5IHeN1i38XBZs=",
        "last_login": "2022-07-16T22:56:51.011Z",
        "is_superuser": false,
        "username": "eshjjjjjjjjjjjjjjjj",
        "first_name": "neto",
        "last_name": "arthur",
        "email": "eshopper991@gmail.com",
        "is_staff": false,
        "is_active": true,
        "date_joined": "2022-07-16T21:23:04.008Z",
        "groups": [],
        "user_permissions": []
      }
    },
    {
      "model": "auth.user",
      "pk": 26,
      "fields": {
        "password": "pbkdf2_sha256$260000$sA8UBf7wcUVKqP5WujEwJy$NuZID3C8K+m7Eu6ZoQajG8iygvslJXENZBDqDCMv+Ng=",
        "last_login": "2022-09-02T17:27:59.181Z",
        "is_superuser": false,
        "username": "annis",
        "first_name": "annis",
        "last_name": "annis@gmail.com",
        "email": "annis@gmail.com",
        "is_staff": false,
        "is_active": true,
        "date_joined": "2022-07-19T18:30:17.538Z",
        "groups": [],
        "user_permissions": []
      }
    },
    {
      "model": "auth.user",
      "pk": 27,
      "fields": {
        "password": "pbkdf2_sha256$260000$d4sTYEVf0IIjPglcFsyWnv$z+SIkf18f1xofr4o+xOm5DNl/OcpEywVyZFDHf7pNEc=",
        "last_login": "2022-09-02T13:48:54.499Z",
        "is_superuser": false,
        "username": "kelly",
        "first_name": "Beatriz",
        "last_name": "Amorim",
        "email": "test@test.com",
        "is_staff": false,
        "is_active": true,
        "date_joined": "2022-08-23T09:58:36.955Z",
        "groups": [],
        "user_permissions": []
      }
    },
    {
      "model": "auth.user",
      "pk": 28,
      "fields": {
        "password": "pbkdf2_sha256$260000$vDA2zZWefS45v3ier5Q3SG$CRYjMjxBalwXMk+iGO6dxmLiuLIlrJ9cLOAw/nYGulI=",
        "last_login": "2022-08-24T20:36:33.832Z",
        "is_superuser": false,
        "username": "tutor",
        "first_name": "Tutor",
        "last_name": "Man",
        "email": "tutor@ci.net",
        "is_staff": false,
        "is_active": true,
        "date_joined": "2022-08-24T20:36:27.074Z",
        "groups": [],
        "user_permissions": []
      }
    },
    {
      "model": "auth.user",
      "pk": 29,
      "fields": {
        "password": "pbkdf2_sha256$260000$v5ctjPjHjuL3zJdnT0pk4c$479FYlfdn4+WNie7EJdOhbiT90RJR9ib+yQyd18el6A=",
        "last_login": "2022-08-26T21:55:45.769Z",
        "is_superuser": false,
        "username": "random",
        "first_name": "ra",
        "last_name": "dom",
        "email": "rand@dom.com",
        "is_staff": false,
        "is_active": true,
        "date_joined": "2022-08-26T21:53:14.313Z",
        "groups": [],
        "user_permissions": []
      }
    },
    {
      "model": "auth.user",
      "pk": 30,
      "fields": {
        "password": "pbkdf2_sha256$260000$CWXVFDUV56lP6Cslj2Lr8I$1knG7P4A4vlbBFKMDGEyqLIb1vWLYJWR2Z4mZqHuqA4=",
        "last_login": "2022-08-31T20:47:33.669Z",
        "is_superuser": true,
        "username": "super",
        "first_name": "",
        "last_name": "",
        "email": "super@user.com",
        "is_staff": true,
        "is_active": true,
        "date_joined": "2022-08-27T04:38:13.138Z",
        "groups": [],
        "user_permissions": []
      }
    },
    {
      "model": "auth.user",
      "pk": 31,
      "fields": {
        "password": "pbkdf2_sha256$260000$gDZgWzlUwpVjVncJukCN1i$sz84fZy/boMdN1+bdQEPTrw1/IY9GCc00TPVOrzHELo=",
        "last_login": "2022-09-02T12:47:31.527Z",
        "is_superuser": false,
        "username": "Carlo31",
        "first_name": "Carlo",
        "last_name": "Neto",
        "email": "darex@gmail.com",
        "is_staff": false,
        "is_active": true,
        "date_joined": "2022-08-31T06:49:39.215Z",
        "groups": [],
        "user_permissions": []
      }
    },
    {
      "model": "auth.user",
      "pk": 32,
      "fields": {
        "password": "pbkdf2_sha256$260000$HifyQD5r4XUDS3cPpG8ILd$4/8zpS41FrIw62ADX/tkYW8Uup3VVq8Cl0mR7Q+vtb4=",
        "last_login": "2022-08-31T20:52:37.741Z",
        "is_superuser": false,
        "username": "andre12",
        "first_name": "Andre",
        "last_name": "neto",
        "email": "ander@gmail.com",
        "is_staff": false,
        "is_active": true,
        "date_joined": "2022-08-31T20:52:08.267Z",
        "groups": [],
        "user_permissions": []
      }
    },
    {
      "model": "auth.user",
      "pk": 33,
      "fields": {
        "password": "pbkdf2_sha256$260000$TA7LwK8ykv5Dt2rzCBJr4L$zx/W1R0htw+Ckx37SfKKnnHQkMkQeVPPZQ0jtLP8SlY=",
        "last_login": "2022-09-02T10:54:13.643Z",
        "is_superuser": false,
        "username": "paulothomas",
        "first_name": "paulo",
        "last_name": "thomas",
        "email": "art@gmail.com",
        "is_staff": false,
        "is_active": true,
        "date_joined": "2022-09-01T20:57:03.244Z",
        "groups": [],
        "user_permissions": []
      }
    },
    {
      "model": "auth.user",
      "pk": 34,
      "fields": {
        "password": "pbkdf2_sha256$260000$7clds3YCA5dOcJbAS8v7Nt$uviIqDV+iFVRXjwTBKsPlSCjuvCOenec5B7iKcfRltQ=",
        "last_login": "2022-09-02T17:27:43.393Z",
        "is_superuser": false,
        "username": "aneto1990",
        "first_name": "Arthur",
        "last_name": "Neto",
        "email": "arthurneto@icloud.com",
        "is_staff": false,
        "is_active": true,
        "date_joined": "2022-09-02T13:53:53.579Z",
        "groups": [],
        "user_permissions": []
      }
    },
    {
      "model": "auth.user",
      "pk": 35,
      "fields": {
        "password": "pbkdf2_sha256$260000$JlEMyRYQETzb76bPwrzuSd$kNNo1yQ6580Idli84CRWIAyj8uh34x15FPZKDZtqzCQ=",
        "last_login": "2022-09-03T15:37:08.640Z",
        "is_superuser": false,
        "username": "andrecarlos",
        "first_name": "Andre",
        "last_name": "Carlos",
        "email": "andrecarlos@gmail.com",
        "is_staff": false,
        "is_active": true,
        "date_joined": "2022-09-03T15:22:51.228Z",
        "groups": [],
        "user_permissions": []
      }
    },
    {
      "model": "auth.user",
      "pk": 36,
      "fields": {
        "password": "pbkdf2_sha256$260000$Rid8xlDRiuQ6LqSFZpPxkY$HWpj4qxFGwsKd0NOargQWNGBx3LI0hwkhEwwAZvo92g=",
        "last_login": "2022-09-03T16:27:51.602Z",
        "is_superuser": false,
        "username": "guto",
        "first_name": "guto",
        "last_name": "silva",
        "email": "gutomoraes@gmail.com",
        "is_staff": false,
        "is_active": true,
        "date_joined": "2022-09-03T16:21:22.455Z",
        "groups": [],
        "user_permissions": []
      }
    },
    {
      "model": "auth.user",
      "pk": 37,
      "fields": {
        "password": "pbkdf2_sha256$260000$98WT21Vk36ctk1l7kGEvFi$iBuERr/Xz2vfCAURg4DLPYLr6BDcJV2ie5B5oTXcHK0=",
        "last_login": "2022-09-04T05:04:08.832Z",
        "is_superuser": false,
        "username": "Netocarlo",
        "first_name": "Neto",
        "last_name": "Carlo",
        "email": "vacuole-indents0c@icloud.com",
        "is_staff": false,
        "is_active": true,
        "date_joined": "2022-09-03T21:04:21.414Z",
        "groups": [],
        "user_permissions": []
      }
    },
    {
      "model": "sessions.session",
      "pk": "2iw4jqdmo7gf88sv5l8ckoad5vjgglkr",
      "fields": {
        "session_data": ".eJxVjMsOwiAQRf-FtSHA8HTp3m8gAwxSNTQp7cr479qkC93ec859sYjb2uI2aIlTYWcmHTv9jgnzg_pOyh37beZ57usyJb4r_KCDX-dCz8vh_h00HO1bUyXpNUqwxgBY4aVKApx3XpsQrICQEILQpERVUI3WDrLMMhWFqqBi7w_Kvjap:1oQNLQ:76AjNiXQEY-Hryd3sAXb9B-Ra0f_nfC8dG4Do8gQE6g",
        "expire_date": "2022-09-06T06:25:00.389Z"
      }
    },
    {
      "model": "sessions.session",
      "pk": "6tp6ehgk7vfezg9jgo9wgmpahng6ja7k",
      "fields": {
        "session_data": ".eJxVjDsOwjAQBe_iGlmOE_8o6TmDtfbu4gCypTipEHeHSCmgfTPzXiLCtpa4dVrijOIsvDj9bgnyg-oO8A711mRudV3mJHdFHrTLa0N6Xg7376BAL9-ajA7KDwGTB9SQjEEP1qnAmjVN7AKTTcSWVfBD0qMDh4GNHSdgzEq8P_X9OIQ:1ndb4h:5eJzksHnb2h_LFsbEFCyEsy0WQ7EF-irlcziZz7oUWs",
        "expire_date": "2022-04-24T17:10:07.602Z"
      }
    },
    {
      "model": "sessions.session",
      "pk": "86496vdufpvcvg9bo3crem9f0kw00c25",
      "fields": {
        "session_data": ".eJxVjEEOwiAQRe_C2pChDLS4dO8ZyDCAVA0kpV0Z765NutDtf-_9l_C0rcVvPS1-juIslDj9boH4keoO4p3qrUludV3mIHdFHrTLa4vpeTncv4NCvXxrjsrYoGzKhBAywjAamhAAFVuNOYHOGcmSmSJpl5RhsGxHh46BBy3eH9_hN44:1oRhFz:42Bf_dr_k2ZmX0z46rQuughswhIp2UoMeR4NuDb0UMM",
        "expire_date": "2022-09-09T21:52:51.484Z"
      }
    },
    {
      "model": "sessions.session",
      "pk": "86dzjyoylijhiw0tettjbn7tfiiipnc1",
      "fields": {
        "session_data": ".eJxVjEEOwiAQRe_C2pChDLS4dO8ZyDCAVA0kpV0Z765NutDtf-_9l_C0rcVvPS1-juIslDj9boH4keoO4p3qrUludV3mIHdFHrTLa4vpeTncv4NCvXxrjsrYoGzKhBAywjAamhAAFVuNOYHOGcmSmSJpl5RhsGxHh46BBy3eH9_hN44:1oUkrQ:qAoepb1ZCeFMXJxzzfwfeNd4kd8qWozH9kOsTKkr-5E",
        "expire_date": "2022-09-18T08:20:08.070Z"
      }
    },
    {
      "model": "sessions.session",
      "pk": "8a2bsmbp4llm7bb2kpwjpi9vpp3lex5u",
      "fields": {
        "session_data": ".eJxVjDsOwjAQRO_iGlmsP1mHkj5nsOz1BgeQLcVJhbg7WEoBxTQz781L-LBv2e-NV78kcREA4vRbxkAPLn1J91BuVVIt27pE2RF5rE1ONfHzerB_Bzm03O0xWtQMWgM4p5SxQ-KAbNSI4NABnDUSMSnC2Q36my5YY5KBGZN4fwDYaTb6:1ndU48:-m7RSZK6wjDHr_XKPUbB7G3P-31sTfxARRxBTCudws8",
        "expire_date": "2022-04-24T09:41:04.382Z"
      }
    },
    {
      "model": "sessions.session",
      "pk": "9x79uq0q9cu3e0xid86bfyj73rpo48ww",
      "fields": {
        "session_data": ".eJxVjMsOwiAQRf-FtSHA8HTp3m8gAwxSNTQp7cr479qkC93ec859sYjb2uI2aIlTYWcmHTv9jgnzg_pOyh37beZ57usyJb4r_KCDX-dCz8vh_h00HO1bUyXpNUqwxgBY4aVKApx3XpsQrICQEILQpERVUI3WDrLMMhWFqqBi7w_Kvjap:1nmoE4:N76Za4fPIvb4Jfgk_1sOGJT4dtaNBgH2yK6StJLf1iY",
        "expire_date": "2022-05-20T03:01:52.300Z"
      }
    },
    {
      "model": "sessions.session",
      "pk": "a33zlcf9c5nqsdhsnmacfhvlopn2iv8x",
      "fields": {
        "session_data": ".eJxVjEEOwiAQRe_C2pChDLS4dO8ZyDCAVA0kpV0Z765NutDtf-_9l_C0rcVvPS1-juIslDj9boH4keoO4p3qrUludV3mIHdFHrTLa4vpeTncv4NCvXxrjsrYoGzKhBAywjAamhAAFVuNOYHOGcmSmSJpl5RhsGxHh46BBy3eH9_hN44:1oUWj0:vngM7W6EpnNyxCQhq1SBOzQu07BSKlkq1kcMt1V6OfE",
        "expire_date": "2022-09-17T17:14:30.337Z"
      }
    },
    {
      "model": "sessions.session",
      "pk": "ag8sy2s9lqy02zdilp1b6jlcnu4hgq1n",
      "fields": {
        "session_data": ".eJxVjDsOwjAQBe_iGlmOE_8o6TmDtfbu4gCypTipEHeHSCmgfTPzXiLCtpa4dVrijOIsvDj9bgnyg-oO8A711mRudV3mJHdFHrTLa0N6Xg7376BAL9-ajA7KDwGTB9SQjEEP1qnAmjVN7AKTTcSWVfBD0qMDh4GNHSdgzEq8P_X9OIQ:1ncm7v:xz7C36fXQox98tkPt5pbeWTLKlYML_FrKMQ1fWQac8o",
        "expire_date": "2022-04-22T10:46:03.334Z"
      }
    },
    {
      "model": "sessions.session",
      "pk": "bi2g1hs31qurrihr908qtfpzdh8qn14a",
      "fields": {
        "session_data": ".eJxVjDsOwjAQRO_iGllygtdeSnrOYO3HwQHkSHFSIe5OIqWAbjTvzbxNonUpaW15TqOai3Hm9NsxyTPXHeiD6n2yMtVlHtnuij1os7dJ8-t6uH8HhVrZ1ghInXSoIQuoE6fi2bOjc0R2WxyEIwBoJOj7HFCjZ0Xm6GkIUc3nC_pAOLE:1ncBd6:xPDLug3eNhwGHXp5vBzGwbjicDe0GypdraXLckJVc1w",
        "expire_date": "2022-04-20T19:47:48.312Z"
      }
    },
    {
      "model": "sessions.session",
      "pk": "blrgofudjip3pbh6r02hcu6krxphcgv0",
      "fields": {
        "session_data": ".eJxVjDsOwjAQRO_iGllygtdeSnrOYO3HwQHkSHFSIe5OIqWAbjTvzbxNonUpaW15TqOai3Hm9NsxyTPXHeiD6n2yMtVlHtnuij1os7dJ8-t6uH8HhVrZ1ghInXSoIQuoE6fi2bOjc0R2WxyEIwBoJOj7HFCjZ0Xm6GkIUc3nC_pAOLE:1nczEi:1f3q2R3uGElPyU9XWAlpBeatnVYz-GnllkqcsfLgFa4",
        "expire_date": "2022-04-23T00:45:56.864Z"
      }
    },
    {
      "model": "sessions.session",
      "pk": "hpjexdswpxi8osls7obnitj83pjlajow",
      "fields": {
        "session_data": ".eJxVjMEOwiAQRP-FsyEu0AIevfsNZGEXqRqalPZk_Hdp0oNeJpl5M_MWAbe1hK3xEiYSF6GsOP2GEdOT607ogfU-yzTXdZmi3CvyoE3eZuLX9ej-HRRspa8jOY0MfjwDgbJsrNYOtOXRJ_aIBFllMtFBl5RzBt0NKhvZ0TAY8fkCEjw4nQ:1oU72U:_fqDKm_F9niitRktCkonXdfIqXZ7D-rGiI3QtuvwLsM",
        "expire_date": "2022-09-16T13:48:54.502Z"
      }
    },
    {
      "model": "sessions.session",
      "pk": "hpv79bq02b6flacnlxlcm28fuuiucw6r",
      "fields": {
        "session_data": ".eJxVjEEOwiAQRe_C2hAoBaYu3fcMZGAGqZqSlHZlvLtt0oVu_3vvv0XAbS1ha7yEicRVWHH53SKmJ88HoAfO9ypTnddlivJQ5EmbHCvx63a6fwcFW9lrQ6CUSwY4IkDcQ6s1ZGMhe4-dInQqRx5QeRio1-xcUkPsO-MSayTx-QLtIDgv:1nboPv:gZMXCqDXMFlxHV-vNRpW6fhJh9TW9eQbE_lwb6rS_ec",
        "expire_date": "2022-04-19T19:00:39.428Z"
      }
    },
    {
      "model": "sessions.session",
      "pk": "jar8kg2acvf6oemb06hognwwj08e86pz",
      "fields": {
        "session_data": ".eJxVjEEOwiAQRe_C2hAoBaYu3fcMZGAGqZqSlHZlvLtt0oVu_3vvv0XAbS1ha7yEicRVWHH53SKmJ88HoAfO9ypTnddlivJQ5EmbHCvx63a6fwcFW9lrQ6CUSwY4IkDcQ6s1ZGMhe4-dInQqRx5QeRio1-xcUkPsO-MSayTx-QLtIDgv:1nd842:-GQ1bjzCqDJE9_laIeJ-xOobFMmfU0ZhJSKdF4N4vCQ",
        "expire_date": "2022-04-23T10:11:30.780Z"
      }
    },
    {
      "model": "sessions.session",
      "pk": "kb6x098isvsgkdcwcg5dp6jbbwsvx2ci",
      "fields": {
        "session_data": ".eJxVjEEOwiAQRe_C2pChDLS4dO8ZyDCAVA0kpV0Z765NutDtf-_9l_C0rcVvPS1-juIslDj9boH4keoO4p3qrUludV3mIHdFHrTLa4vpeTncv4NCvXxrjsrYoGzKhBAywjAamhAAFVuNOYHOGcmSmSJpl5RhsGxHh46BBy3eH9_hN44:1oDV1d:_fUPjeJ261nJM0UMKj9TOJ75oX-0FZnbERIt1GzZlsI",
        "expire_date": "2022-08-01T17:59:21.962Z"
      }
    },
    {
      "model": "sessions.session",
      "pk": "lerika91ma2p4r4ji1a3feho9hcn8kg1",
      "fields": {
        "session_data": ".eJxVjEsOwiAUAO_C2hDKo3xcuu8ZyAMeUjWQlHZlvLsh6UK3M5N5M4_HXvzRafNrYlcmLbv8woDxSXWY9MB6bzy2um9r4CPhp-18aYlet7P9GxTsZXzTRDNiBpA6I2itDISIMkjMUQewQSlwEw0njRGCsiUbydkkopwd-3wBG704Zg:1oQx73:0WdR7jt-TCYcqqogIUWoXf8CtyLK3bKLGuAEo0U4LNM",
        "expire_date": "2022-09-07T20:36:33.854Z"
      }
    },
    {
      "model": "sessions.session",
      "pk": "mvjsl5m22lizit3phedjazhjix1ex8fk",
      "fields": {
        "session_data": ".eJxVjEEOwiAQRe_C2pChDLS4dO8ZyDCAVA0kpV0Z765NutDtf-_9l_C0rcVvPS1-juIslDj9boH4keoO4p3qrUludV3mIHdFHrTLa4vpeTncv4NCvXxrjsrYoGzKhBAywjAamhAAFVuNOYHOGcmSmSJpl5RhsGxHh46BBy3eH9_hN44:1oRqn2:ZtPS2mmcq99wKgW5_Xaf_VC9hsB7rN19jwAnH6od9Qw",
        "expire_date": "2022-09-10T08:03:36.171Z"
      }
    },
    {
      "model": "sessions.session",
      "pk": "ohywfj24ylp6uxsd6jhob4ffjdyh0e8z",
      "fields": {
        "session_data": ".eJxVjDsOwjAQRO_iGllygtdeSnrOYO3HwQHkSHFSIe5OIqWAbjTvzbxNonUpaW15TqOai3Hm9NsxyTPXHeiD6n2yMtVlHtnuij1os7dJ8-t6uH8HhVrZ1ghInXSoIQuoE6fi2bOjc0R2WxyEIwBoJOj7HFCjZ0Xm6GkIUc3nC_pAOLE:1ndq4p:fsIeTQwmC3V9brGyrg1Yh9IiJnwhsvDfuzBb7vzRx-s",
        "expire_date": "2022-04-25T09:11:15.210Z"
      }
    },
    {
      "model": "sessions.session",
      "pk": "p3k4hwdtaneh3iwjjkohuim3ht2erq2g",
      "fields": {
        "session_data": ".eJxVjEEOwiAQRe_C2pChDLS4dO8ZyDCAVA0kpV0Z765NutDtf-_9l_C0rcVvPS1-juIslDj9boH4keoO4p3qrUludV3mIHdFHrTLa4vpeTncv4NCvXxrjsrYoGzKhBAywjAamhAAFVuNOYHOGcmSmSJpl5RhsGxHh46BBy3eH9_hN44:1oDsar:EuSWSl7A-2K8085_lZQY2ssLiuc_Rr14V6Yx0ZOANrE",
        "expire_date": "2022-08-02T19:09:17.195Z"
      }
    },
    {
      "model": "sessions.session",
      "pk": "rhf3qdd30p24elxmlbbllnieaijka3af",
      "fields": {
        "session_data": ".eJxVjDsOwjAQRO_iGln-EpuSnjNYu-s1DiBHipMKcXcSKQV0o3lv5i0SrEtNa-c5jVlchB3E6bdEoCe3neQHtPskaWrLPKLcFXnQLm9T5tf1cP8OKvS6rX3wrAAsKR2iZ4cDRy5sdCDOhFGZQGizDtpEp8FZFbaIphjnzr448fkCDmQ3pQ:1oUhnk:8RdD7wY3qwm0f7l7vHZVSMY1YX1qkUHSsjydKOVUHVs",
        "expire_date": "2022-09-18T05:04:08.837Z"
      }
    },
    {
      "model": "sessions.session",
      "pk": "t4v5v95n3gezr5wpgdeepg7t9c3dr9lz",
      "fields": {
        "session_data": ".eJxVjEEOwiAQRe_C2hBgKC0u3XsGMsNMpWpoUtqV8e7apAvd_vfef6mE21rS1mRJE6uz8ur0uxHmh9Qd8B3rbdZ5rusykd4VfdCmrzPL83K4fwcFW_nWjgQMOYAMMIQx9tlbCWCZTe48CAsCY4_OoA3sbARvHPHgkaEbKar3B97bN-M:1nc57Q:TP0nfrp2DxUkj52OLMVV6Dc6GNRx4rWVO-deA9tFE4s",
        "expire_date": "2022-04-20T12:50:40.003Z"
      }
    },
    {
      "model": "sessions.session",
      "pk": "t5vdsi4d892s7bcuy59qv3vzodllsnha",
      "fields": {
        "session_data": ".eJxVjDsOwjAQRO_iGllygtdeSnrOYO3HwQHkSHFSIe5OIqWAbjTvzbxNonUpaW15TqOai3Hm9NsxyTPXHeiD6n2yMtVlHtnuij1os7dJ8-t6uH8HhVrZ1ghInXSoIQuoE6fi2bOjc0R2WxyEIwBoJOj7HFCjZ0Xm6GkIUc3nC_pAOLE:1ndVUo:GqEV7eb-sD00Hco7ztwK83uUnZ0sPeR9xTNsmpbbVro",
        "expire_date": "2022-04-24T11:12:42.116Z"
      }
    },
    {
      "model": "sessions.session",
      "pk": "uwk8ybz72egivibem4smlnhoae6mghyp",
      "fields": {
        "session_data": ".eJxVjDsOwjAQRO_iGllygtdeSnrOYO3HwQHkSHFSIe5OIqWAbjTvzbxNonUpaW15TqOai3Hm9NsxyTPXHeiD6n2yMtVlHtnuij1os7dJ8-t6uH8HhVrZ1ghInXSoIQuoE6fi2bOjc0R2WxyEIwBoJOj7HFCjZ0Xm6GkIUc3nC_pAOLE:1ndb2J:FuflXA73gX3o1Ik32ubgXwpWbx1lI9WBGnJfiz9Wqcs",
        "expire_date": "2022-04-24T17:07:39.623Z"
      }
    },
    {
      "model": "sessions.session",
      "pk": "vxuppkzv4323jhauz16nmycsn2l0a3wk",
      "fields": {
        "session_data": ".eJxVjDsOwjAQBe_iGlnOEv8o6XMGa9e7xgGUSHFSIe4OkVJA-2bmvVTCba1pa7KkkdVFAajT70iYHzLthO843Wad52ldRtK7og_a9DCzPK-H-3dQsdVvHZ11JGQIxUTiENF5CtBhzEGKL-x6GxDAOzB9JxiDLcT-nHvgDMLq_QEavDik:1nxh9i:8wPX4COdG5e0mKOXYxD4-jLkRlAli0llts-Aoz6vv3g",
        "expire_date": "2022-06-19T03:42:22.065Z"
      }
    },
    {
      "model": "sessions.session",
      "pk": "wb2b4xu6gefq6i040t36k13nk74sixv5",
      "fields": {
        "session_data": ".eJxVjEEOwiAQRe_C2pChDLS4dO8ZyDCAVA0kpV0Z765NutDtf-_9l_C0rcVvPS1-juIslDj9boH4keoO4p3qrUludV3mIHdFHrTLa4vpeTncv4NCvXxrjsrYoGzKhBAywjAamhAAFVuNOYHOGcmSmSJpl5RhsGxHh46BBy3eH9_hN44:1oUkvq:-7_r6j0wr1VdYsuA9I3POvLS0WNw0JQAvS8xFfPb9YA",
        "expire_date": "2022-09-18T08:24:42.753Z"
      }
    },
    {
      "model": "sessions.session",
      "pk": "x4t503yoi3tfmhaz9k1pb9cz9v3d1v5d",
      "fields": {
        "session_data": ".eJxVjEEOwiAQRe_C2hBAOhSX7nsGMjCDVA0kpV0Z765NutDtf-_9lwi4rSVsnZcwk7gIcxan3zFienDdCd2x3ppMra7LHOWuyIN2OTXi5_Vw_w4K9vKtx-jIQfSglWerdYZsFGYYLLBlw6CARorJ22SzA4zk8oA-e1ZoyJB4fwAI3jiq:1oQw48:Bt5D63aqcwfnpM3IgvNXh6T_gbVVpbHZlk7wUYW8mbg",
        "expire_date": "2022-09-07T19:29:28.288Z"
      }
    },
    {
      "model": "sessions.session",
      "pk": "xxu0a5rm5bxm6nse6u3yaskr38xj1ek5",
      "fields": {
        "session_data": ".eJxVjEEOwiAQRe_C2hBAOhSX7nsGMjCDVA0kpV0Z765NutDtf-_9lwi4rSVsnZcwk7gIcxan3zFienDdCd2x3ppMra7LHOWuyIN2OTXi5_Vw_w4K9vKtx-jIQfSglWerdYZsFGYYLLBlw6CARorJ22SzA4zk8oA-e1ZoyJB4fwAI3jiq:1o98wV:6K2Kfupd8BDDNCnoIAIEwG8k8rPw7FU8hfy83qrGAA0",
        "expire_date": "2022-07-20T17:36:03.612Z"
      }
    },
    {
      "model": "world.category",
      "pk": 26,
      "fields": {
        "name": "Drinks"
      }
    },
    {
      "model": "world.category",
      "pk": 27,
      "fields": {
        "name": "Food"
      }
    },
    {
      "model": "world.category",
      "pk": 28,
      "fields": {
        "name": "Visas"
      }
    },
    {
      "model": "world.category",
      "pk": 29,
      "fields": {
        "name": "Next Destination"
      }
    },
    {
      "model": "world.category",
      "pk": 30,
      "fields": {
        "name": "Travel"
      }
    },
    {
      "model": "world.category",
      "pk": 31,
      "fields": {
        "name": "Trip"
      }
    },
    {
      "model": "world.category",
      "pk": 32,
      "fields": {
        "name": "Best City"
      }
    },
    {
      "model": "world.category",
      "pk": 33,
      "fields": {
        "name": "Visit paris"
      }
    },
    {
      "model": "world.category",
      "pk": 34,
      "fields": {
        "name": "Berlin"
      }
    },
    {
      "model": "world.profile",
      "pk": 1,
      "fields": {
        "user": 1,
        "bio": "I live in Bilbao, Spain, and I work for a company that I always travel for work, but in my spare time, I like to discover new places.\r\nI love to explore new places and capture the beauty of different cultures.\r\nWith my posts, you will learn tips on how to survive in other countries on a budget.\r\n\r\nI love food, music, and meeting people. I hope you like my posts.",
        "profile_picture": "media/images/profile/default-profile-pic_yhrv11",
        "facebook_url": "https://www.facebook.com/",
        "twitter_url": "https://twitter.com/?lang=en",
        "instagram_url": "https://www.instagram.com/",
        "website_url": null
      }
    },
    {
      "model": "world.profile",
      "pk": 3,
      "fields": {
        "user": 3,
        "bio": "I am Ruth, a graphic designer by day, and a writer by night. I love to travel and share my experiences with the world. I don't like this country, I love this country. I'm not a citizen of the world, I am the world. I'm not really sure what I'm doing, but I hope you enjoy my posts.",
        "profile_picture": "media/images/profile/userRut_sqltgw",
        "facebook_url": "https://www.facebook.com/",
        "twitter_url": "https://twitter.com/?lang=en",
        "instagram_url": "https://www.instagram.com/",
        "website_url": null
      }
    },
    {
      "model": "world.profile",
      "pk": 4,
      "fields": {
        "user": 8,
        "bio": "I am a chemical engineer and I lived in Canada, Portugal, Brazil and India, and today I live with my family in Austria.\r\n\r\nI have taken every opportunity to travel, and discover new places. Hope you enjoy my tips.\r\n\r\nMy hobbies include cooking, playing tennis and books.\r\nI really appreciate new cultures and experiences. one of my hobbies and I travel the world discovering new cultures and experiences.",
        "profile_picture": "media/images/profile/pexels-photo-3763152_kndbsn",
        "facebook_url": "https://www.facebook.com/",
        "twitter_url": "https://twitter.com/",
        "instagram_url": "https://www.instagram.com/",
        "website_url": "https://www.mysite.com/"
      }
    },
    {
      "model": "world.profile",
      "pk": 5,
      "fields": {
        "user": 10,
        "bio": "I am a Texas girl who loves people, food, and adventure. I can be found most days with a cup of coffee in one hand and a puzzle in the other. A passionate software engineer with a love of programming and animals. I live in Dublin and work for a tech company. My spare time is spent running, hiking or playing with my dog.",
        "profile_picture": "media/images/profile/pexels-photo-4153800_emk6oa",
        "facebook_url": "https://www.facebook.com/",
        "twitter_url": "https://twitter.com/",
        "instagram_url": "https://www.instagram.com/",
        "website_url": "https://www.mysite.com/"
      }
    },
    {
      "model": "world.profile",
      "pk": 6,
      "fields": {
        "user": 5,
        "bio": "I'm a photographer and I have lived in London for 10 years. I love exploring new places and discovering new cultures. I hope you enjoy my travel!\r\n\r\nWith my posts, you will learn tips on how to survive in other countries on a budget.",
        "profile_picture": "placeholder",
        "facebook_url": null,
        "twitter_url": null,
        "instagram_url": null,
        "website_url": null
      }
    },
    {
      "model": "world.profile",
      "pk": 7,
      "fields": {
        "user": 17,
        "bio": "test gio edit 2",
        "profile_picture": "media/images/profile/default_post_jrybuw",
        "facebook_url": "https://www.google.com/",
        "twitter_url": "https://www.google.com/",
        "instagram_url": "https://www.google.com/",
        "website_url": "https://www.google.com/"
      }
    },
    {
      "model": "world.profile",
      "pk": 8,
      "fields": {
        "user": 22,
        "bio": "bobo",
        "profile_picture": "placeholder",
        "facebook_url": "bob",
        "twitter_url": "bib",
        "instagram_url": "etet",
        "website_url": "tetet"
      }
    },
    {
      "model": "world.profile",
      "pk": 9,
      "fields": {
        "user": 24,
        "bio": "I am a civil engineer by background and it was a privilege to do the opinion on behalf of the Committee on Industry, Research and Energy.",
        "profile_picture": "placeholder",
        "facebook_url": "https://www.facebook.com/",
        "twitter_url": "https://twitter.com/?lang=en",
        "instagram_url": "https://www.instagram.com/",
        "website_url": null
      }
    },
    {
      "model": "world.profile",
      "pk": 10,
      "fields": {
        "user": 23,
        "bio": "I am a fascinating person with many interests that I like to share with others - please take a look at my social media accounts!\r\n\r\n\r\n\r\nI was born in a small country in Africa, but I am living in Canada. I love to cook, listen to music and watch movies. When I get time, I like to meet new people and speak different languages.\r\n\r\n\r\n\r\nI spend my days watching movies and listening to music. I cook and meet new people in the evenings. I speak 4 languages.",
        "profile_picture": "placeholder",
        "facebook_url": null,
        "twitter_url": null,
        "instagram_url": null,
        "website_url": null
      }
    },
    {
      "model": "world.profile",
      "pk": 11,
      "fields": {
        "user": 30,
        "bio": "nice dude",
        "profile_picture": "media/images/profile/127.0.0.1_8000_nota_48iPhone_12_Pro_ekzmzn",
        "facebook_url": null,
        "twitter_url": null,
        "instagram_url": null,
        "website_url": null
      }
    },
    {
      "model": "world.profile",
      "pk": 12,
      "fields": {
        "user": 31,
        "bio": "Interested to travel",
        "profile_picture": "placeholder",
        "facebook_url": "Facebook.com",
        "twitter_url": null,
        "instagram_url": null,
        "website_url": null
      }
    },
    {
      "model": "world.profile",
      "pk": 13,
      "fields": {
        "user": 32,
        "bio": "Just browsing and learning about people",
        "profile_picture": "placeholder",
        "facebook_url": null,
        "twitter_url": null,
        "instagram_url": null,
        "website_url": null
      }
    },
    {
      "model": "world.profile",
      "pk": 14,
      "fields": {
        "user": 27,
        "bio": "I am 27 and love to spend time outside!",
        "profile_picture": "media/images/profile/pexels-photo-445109_qngj4f",
        "facebook_url": "www.facebook.com",
        "twitter_url": null,
        "instagram_url": null,
        "website_url": null
      }
    },
    {
      "model": "world.profile",
      "pk": 15,
      "fields": {
        "user": 34,
        "bio": "I love travel everywhere",
        "profile_picture": "placeholder",
        "facebook_url": null,
        "twitter_url": null,
        "instagram_url": null,
        "website_url": null
      }
    },
    {
      "model": "world.profile",
      "pk": 16,
      "fields": {
        "user": 35,
        "bio": "Learning is a strong reason why people love to travel.",
        "profile_picture": "media/images/profile/istockphoto-1285301614-612x612_eszn5f",
        "facebook_url": "https://www.facebook.com/",
        "twitter_url": "https://twitter.com/?lang=en",
        "instagram_url": "https://www.instagram.com/",
        "website_url": null
      }
    },
    {
      "model": "world.profile",
      "pk": 17,
      "fields": {
        "user": 36,
        "bio": "travel the world.",
        "profile_picture": "media/images/profile/xmjvDETbWy6zYbhvdDwyERJDOmo_nee49m",
        "facebook_url": "https://www.facebook.com/",
        "twitter_url": "https://twitter.com/?lang=en",
        "instagram_url": "https://www.instagram.com/",
        "website_url": null
      }
    },
    {
      "model": "world.profile",
      "pk": 18,
      "fields": {
        "user": 37,
        "bio": "Living the life",
        "profile_picture": "media/images/profile/6781F63F-7C8B-40B8-B299-A416FBA1C65C_nfm6zi",
        "facebook_url": null,
        "twitter_url": null,
        "instagram_url": null,
        "website_url": null
      }
    },
    {
      "model": "world.post",
      "pk": 5,
      "fields": {
        "title": "Tips for an Easy Visa Application",
        "title_tag": "Visa Application",
        "header_img": "media/images/06_h5p4tv",
        "image": "placeholder",
        "author": 3,
        "category": "Visa",
        "body": "<p>Hire a visa application service like ByeMyVisa if you don&#39;t have the time or just don&#39;t have to go through the bother of puzzling out the whole visa registration process on your own.</p>\r\n\r\n<p>MyVisa is an eVisa company that creates international travel quick and stress-free. They not only offer all of the necessary information, but they also allow you to apply for an eVisa.</p>\r\n\r\n<p>Not all visa application agencies are able to assist with all forms of visas. For instance, MyVisa may help with eVisas from Norway, the Usa, Thailand, New Zealand, South Ceylon, Albania, and Myanmar.</p>",
        "publish_date": "2022-04-05",
        "article_snippet": "Hire a visa application service like ByeMyVisa",
        "likes": [
          3
        ]
      }
    },
    {
      "model": "world.post",
      "pk": 6,
      "fields": {
        "title": "2 Travel Bucket List Ideas",
        "title_tag": "2 Travel Bucket List Ideas",
        "header_img": "media/images/04_j2made",
        "image": "placeholder",
        "author": 3,
        "category": "Travel",
        "body": "<p>1. China</p>\r\n\r\n<p>The existence of the Bucket List can be attributed to the Han Dynasty! It&#39;s a breath-taking relic of Chinese history that&#39;s a must-see for many people who travel around the world; in fact, it&#39;s regarded one of the world&#39;s Best Attractions. It is recognized as one of China&#39;s most prominent symbols, made up of multiple walls and defenses, many of which run parallel to each other over a range of 8,850 kilometres. From Beijing, visitors may tour the Big Wall.</p>\r\n\r\n<p>&nbsp;</p>\r\n\r\n<p>2. Jordan</p>\r\n\r\n<p>&nbsp;</p>\r\n\r\n<p>Jordan&#39;s rose-colored sandstone city is a breathtaking sight. Petra, on the edge of the Arabian desert and buried in the mountains of the Dead Sea, is one of the world&#39;s most famous ancient sites. The architectural splendour of the city stems from the fact that it was carved directly from the sandstone rocks. You must visit the temples, tombs, and monastery!</p>\r\n\r\n<p>&nbsp;</p>",
        "publish_date": "2022-04-05",
        "article_snippet": "Travel Bucket List Ideas",
        "likes": [
          19,
          1
        ]
      }
    },
    {
      "model": "world.post",
      "pk": 8,
      "fields": {
        "title": "9 Tips For Pairing Wine & Food",
        "title_tag": "9 Tips For Pairing Wine & Food",
        "header_img": "media/images/pexels-photo-1850595_beqq7x",
        "image": "placeholder",
        "author": 4,
        "category": "Food",
        "body": "<p>If you&rsquo;re just getting started, you&rsquo;ll find these tried-and-true methodologies to produce consistently great pairings. That said, as you get more familiar with different wines, you&rsquo;ll become confident and can experiment breaking the rules! (Gamay with trout anyone?)</p>\r\n\r\n<p>The wine should be more acidic than the food.<br />\r\nThe wine should be sweeter than the food.<br />\r\nThe wine should have the same flavor intensity as the food.<br />\r\nRed wines pair best with bold flavored meats (e.g. red meat).<br />\r\nWhite wines pair best with light-intensity meats (e.g. fish or chicken).<br />\r\nBitter wines (e.g. red wines) are best balanced with fat.<br />\r\nIt is better to match the wine with the sauce than with the meat.<br />\r\nMore often than not, White, Sparkling and Ros&eacute; wines create contrasting pairings.<br />\r\nMore often than not, Red wines will create congruent pairings.</p>",
        "publish_date": "2022-04-05",
        "article_snippet": "9 Tips For Pairing Wine & Food",
        "likes": [
          8,
          1
        ]
      }
    },
    {
      "model": "world.post",
      "pk": 11,
      "fields": {
        "title": "5 Top-Rated Tourist Attractions in Germany",
        "title_tag": "5  Top-Rated Tourist Attractions in Germany",
        "header_img": "media/images/germany-top-attractions-ultimate-fairytale-castle-neuschwanstein_bgr4dg",
        "image": "placeholder",
        "author": 8,
        "category": "Travel",
        "body": "<p>History, culture, and natural beauty perhaps best describe the essence of vacationing in Germany. With its many historic cities and small towns, along with an abundance of forests and mountains, visitors are spoiled for choice when it comes to choosing a unique place to visit.</p>\r\n\r\n<p>Those wanting to sightsee or experience the arts should head to the metropolitan areas such as Munich, Frankfurt, or Hamburg. For those looking for recreational activities, consider a visit to places such as the Bavarian Alps, the Black Forest, or the Rhine Valley.</p>\r\n\r\n<p>Lovely old cathedrals and grand palaces are everywhere, and in the smaller towns and villages &ndash; some with their original medieval Old Towns still intact &ndash; many centuries-old traditions, including traditional Christmas markets, festivals, and fairs, continue to this day. At the cultural heart of Germany is the capital, Berlin, home to many fine museums and galleries, while nature lovers will find a world of possibilities in Germany&#39;s great outdoors.</p>\r\n\r\n<p>For ideas to help plan your travels, read our list of the top tourist attractions in Germany</p>\r\n\r\n<p>Note: Some businesses may be temporarily closed due to recent global health and safety issues.</p>\r\n\r\n<p>&nbsp;</p>\r\n\r\n<p><strong>1. Berlin&#39;s Brandenburg Gate</strong></p>\r\n\r\n<p>Modeled on the Acropolis in Athens and built for King Frederick William II in 1791, the monumental sandstone Brandenburg Gate in Berlin&#39;s Mitte district was the city&#39;s first Neoclassical structure. It measures an impressive 26 meters in height, including the Quadriga, the spectacular four-horse chariot carrying the goddess of victory perched atop.</p>\r\n\r\n<p>Its six huge columns on each side of the structure form five impressive passages: four were used by regular traffic, while the center was reserved for the royal carriages. Huge Doric columns also decorate the two buildings at each side of the Gate, once used by toll-collectors and guards.</p>\r\n\r\n<p>Undoubtedly Berlin&#39;s most iconic structure, it&#39;s hard to believe that the majestic structure you see today was severely damaged during WWII and was also once part of the infamous Berlin Wall and, for a few decades, was symbolic of the division of Berlin into East and West.</p>\r\n\r\n<p><strong>2. Cologne Cathedral (K&ouml;lner Dom)</strong></p>\r\n\r\n<p>The towering Cologne Cathedral (K&ouml;lner Dom) - the Cathedral of St. Peter and St. Mary - is located on the banks of the Rhine and is undoubtedly Cologne&#39;s most impressive landmark. This masterpiece of High Gothic architecture,&nbsp;<strong>one of the largest cathedrals in Europe, was</strong>&nbsp;<strong>begun in 1248</strong>&nbsp;and was the most ambitious building project of the Middle Ages.</p>\r\n\r\n<p>As imposing as its fa&ccedil;ade, its magnificent interior covers an area of 6,166 square meters and boasts 56 huge pillars. Above the high altar is the Reliquary of the Three Kings, a 12th-century work of art in gold that was designed by Nicholas of Verdun to house the relics of the Three Kings brought here from Milan.</p>\r\n\r\n<p>Other&nbsp;<strong>highlights include</strong>&nbsp;the panoramic views from the&nbsp;<strong>South Towers</strong>, the 12th- and 13th-century stained glass in the&nbsp;<strong>Three Kings Chapel</strong>, and the&nbsp;<strong>Treasury</strong>&nbsp;with its many precious objects, all of which survived largely intact after WWII. For some of the best vistas over the city and river, climb the 533 steps to the viewing platform in the South Tower. (A small entrance f</p>\r\n\r\n<p>The beautiful Black Forest with its dark, densely-wooded hills is one of the most visited upland regions in all of Europe. Situated in the southwestern corner of Germany and extending 160 kilometers from Pforzheim in the north to Waldshut on the High Rhine in the south, it&#39;s a hiker&#39;s heaven.</p>\r\n\r\n<p>On the west side, it descends steeply to the Rhine, crossed by lush valleys, while on the east, it slopes more gently down to the upper Neckar and Danube valleys. Popular spots include Germany&#39;s oldest ski area at Todtnau, the magnificent spa facilities of Baden-Baden, and the attractive resort of Bad Liebenzell.</p>\r\n\r\n<p>Other highlights include the spectacular Black Forest Railway centered on Triberg with its famous falls, and Triberg itself, home to the Black Forest Open Air Museum. The best way to catch them all? Grab a map of the Black Forest Panoramic Route, a 70-kilometer driving tour that takes in the very best views over the region, along with its top historic attractions, including stunning castles and numerous medieval towns and villages.ee is required.)</p>\r\n\r\n<p><strong>3. The Black Forest</strong></p>\r\n\r\n<p>The beautiful Black Forest with its dark, densely-wooded hills is one of the most visited upland regions in all of Europe. Situated in the southwestern corner of Germany and extending 160 kilometers from Pforzheim in the north to Waldshut on the High Rhine in the south, it&#39;s a hiker&#39;s heaven.</p>\r\n\r\n<p>On the west side, it descends steeply to the Rhine, crossed by lush valleys, while on the east, it slopes more gently down to the upper Neckar and Danube valleys. Popular spots include Germany&#39;s oldest ski area at Todtnau, the magnificent spa facilities of Baden-Baden, and the attractive resort of Bad Liebenzell.</p>\r\n\r\n<p>Other highlights include the spectacular Black Forest Railway centered on Triberg with its famous falls, and Triberg itself, home to the Black Forest Open Air Museum. The best way to catch them all? Grab a map of the Black Forest Panoramic Route, a 70-kilometer driving tour that takes in the very best views over the region, along with its top historic attractions, including stunning castles and numerous medieval towns and villages.</p>\r\n\r\n<p><strong>4. The Ultimate Fairytale Castle: Neuschwanstein</strong></p>\r\n\r\n<p>The quaint old town of F&uuml;ssen, situated between the Ammergau and Allg&auml;u Alps and a popular alpine resort and winter sports center, is a good base from which to explore nearby Neuschwanstein Castle, one of Europe&#39;s most famous (and picturesque) royal castles.</p>\r\n\r\n<p>King Ludwig II of Bavaria built this many-towered and battlement-covered fantasy fortress - the inspiration for Walt Disney&#39;s famous theme park castles - from 1869-86. A variety of tour options are offered, including guided tours of the sumptuous interior taking in the Throne Room, the Singers&#39; Hall... and some of the country&#39;s most spectacular views.</p>\r\n\r\n<p><strong>5. Miniatur Wunderland and the Historic Port of Hamburg</strong></p>\r\n\r\n<p>In the heart of the historic Port of Hamburg, the magnificent Miniatur Wunderland, the world&#39;s largest model railway, is an attraction that appeals equally to young and old alike. Boasting more than 12,000 meters of track, this massive scale model includes sections dedicated to the USA, England, and Scandinavia (as well as Hamburg) and incorporates 890 trains, more than 300,000 lights, and in excess of 200,000 human figures.</p>\r\n\r\n<p>It&#39;s not unheard of for guests to spend many hours exploring this fascinating world with its remarkably detailed miniature airports (and planes that actually take off), crowded cities, quaint rural scenes, and bustling harbors. For a memorable experience, book one of the behind-the-scenes tours, an especially fun thing to do at night.</p>\r\n\r\n<p>Speaking of harbors, be sure to explore the vast Port of Hamburg while you&#39;re there. Covering 100 square kilometers, this huge tidal harbor &ndash; one of the world&#39;s largest cruise ship terminals, and known as the Gateway to Germany &ndash; is best explored by boat. Afterwards, visit the harborside promenade, a lovely pedestrian route, and the Warehouse District with its continuous lines of tall brick-built warehouses.</p>\r\n\r\n<p><a href=\"https://www.planetware.com/tourist-attractions/germany-d.htm\">Written by Bryan Dearsley</a></p>\r\n\r\n<p>&nbsp;</p>",
        "publish_date": "2022-04-09",
        "article_snippet": "History, culture, and natural beauty perhaps best describe the essence of vacationing in Germany. With its many historic cities and small towns, along with an abundance of forests and mountains...",
        "likes": [
          8
        ]
      }
    },
    {
      "model": "world.post",
      "pk": 15,
      "fields": {
        "title": "Best time to Travel to Spain",
        "title_tag": "Holidays in Spain",
        "header_img": "placeholder",
        "image": "placeholder",
        "author": 1,
        "category": "Travel",
        "body": "<p>If you plan to visit any Spanish cities, you must have already wondered when to go to Spain. After all, knowing what the high season is, what increases, the value of tickets and accommodation, what the weather is like and the operation of tourist attractions can change your plans.</p>\r\n\r\n<p>Just imagine if your dream is to know the snow and you are going to visit the Pyrenees and then ski in Montserrat. But when you arrive at the place it is 30&deg;C and the sun shines like never before, after all it is summer at that time. Or you plan your trip on a certain date and then discover that if you had scheduled it for 2 months later, it would have been much cheaper.</p>\r\n\r\n<p>All of this is very frustrating. Therefore, researching the best time to visit Spain (see everything about the country here) or any other destination you want to visit is an important part of planning any trip. So, read this article and find out when is the ideal time for your trip to Spain to spend less, the weather is more favorable, and the time zone.</p>",
        "publish_date": "2022-04-10",
        "article_snippet": "All of this is very frustrating. Therefore, researching the best time to visit Spain (see everything about the country here) or any other destination you want to visit is an important part of planning any trip.",
        "likes": [
          17
        ]
      }
    },
    {
      "model": "world.post",
      "pk": 19,
      "fields": {
        "title": "test",
        "title_tag": "test",
        "header_img": "placeholder",
        "image": "placeholder",
        "author": 17,
        "category": "Travel",
        "body": "<p>test</p>",
        "publish_date": "2022-05-06",
        "article_snippet": "test",
        "likes": []
      }
    },
    {
      "model": "world.post",
      "pk": 20,
      "fields": {
        "title": "My trip to Turkey",
        "title_tag": "Turkey",
        "header_img": "placeholder",
        "image": "placeholder",
        "author": 24,
        "category": "test3",
        "body": "<p>Turkey is in the dreams of many travelers. And it couldn&#39;t be otherwise. Traveling through Turkey is an incredible experience that guarantees spectacular scenery. Being able to visit destinations like Santorini, Mykonos and the capital Athens is really an unmissable opportunity. Whether on a trip to ancient Greece, to the more modern and cosmopolitan side of the country, or to the wonderful beaches of Greece, you will always be happy in Greek lands.</p>",
        "publish_date": "2022-07-17",
        "article_snippet": "",
        "likes": [
          1
        ]
      }
    },
    {
      "model": "world.post",
      "pk": 32,
      "fields": {
        "title": "Caipirinha",
        "title_tag": "Best Drink",
        "header_img": "media/images/guest-1-10-1_bfsooi",
        "image": "placeholder",
        "author": 1,
        "category": "Drinks",
        "body": "<p>Caipirinha is Brazil&#39;s national cocktail, made with cacha&ccedil;a, sugar, and lime. The drink is prepared by mixing the fruit and the sugar together, then adding the liquor. This can be made in a single large glass to be shared among people, or in a larger jar, from which it is served in individual glasses.&nbsp;</p>",
        "publish_date": "2022-07-19",
        "article_snippet": "",
        "likes": [
          35,
          37
        ]
      }
    },
    {
      "model": "world.post",
      "pk": 33,
      "fields": {
        "title": "test edit",
        "title_tag": "asdf",
        "header_img": "media/images/default_post_prvkmm",
        "image": "placeholder",
        "author": 17,
        "category": "Travel",
        "body": "<p>test edit</p>",
        "publish_date": "2022-08-23",
        "article_snippet": "",
        "likes": []
      }
    },
    {
      "model": "world.post",
      "pk": 34,
      "fields": {
        "title": "New ideas",
        "title_tag": "",
        "header_img": "placeholder",
        "image": "placeholder",
        "author": 23,
        "category": "Travel",
        "body": "<p>Whatever aspect of the tourism industry your business is involved in, you need to keep track of the pulse. Previously loved concepts and products go out of fashion, being replaced by more modern elements that end up conquering the market more. New destinations, new technologies and modes of transport have caused major changes in the industry. Early adoption of new trends is vital.</p>",
        "publish_date": "2022-08-24",
        "article_snippet": "",
        "likes": []
      }
    },
    {
      "model": "world.post",
      "pk": 38,
      "fields": {
        "title": "10 tips for traveling around Spain",
        "title_tag": "10 tips for traveling around Spain",
        "header_img": "placeholder",
        "image": "placeholder",
        "author": 27,
        "category": "Travel",
        "body": "<p>With a warm climate, idyllic coastlines and some of Europe&#39;s liveliest cities and best festivals, Spain is a hugely popular travel destination.&nbsp;</p>\r\n\r\n<p>However there are many factors you need to bear in mind in order to really immerse yourself in Spanish culture and experience the best the country has to offer.&nbsp;</p>\r\n\r\n<h2>Here are ten tips for traveling around Spain:</h2>\r\n\r\n<p>1. Adapt to Spanish time</p>\r\n\r\n<p>2. Indulge in tapas culture</p>\r\n\r\n<p>3. Head north</p>\r\n\r\n<p>4. Travel by bus to save money</p>\r\n\r\n<p>5. Try to take in at least one big festival</p>\r\n\r\n<p>6. Look out for local celebrations and festivities</p>\r\n\r\n<p>7. Explore the different neighborhoods</p>\r\n\r\n<p>8. Try regional dishes and drinks</p>\r\n\r\n<p>9. Book visits to the major attractions online</p>\r\n\r\n<p>10. Don&#39;t come in the middle of summer</p>",
        "publish_date": "2022-09-02",
        "article_snippet": "",
        "likes": [
          1,
          37
        ]
      }
    },
    {
      "model": "world.post",
      "pk": 39,
      "fields": {
        "title": "Drinking in Mexico",
        "title_tag": "",
        "header_img": "media/images/drinks-2578446_1920-compressed_ztet4s",
        "image": "placeholder",
        "author": 1,
        "category": "Drinks",
        "body": "<p>Mexico is a country that is internationally recognized for its exquisite cuisine, rich in ingredients and spices, with a great historical and cultural background.</p>\r\n\r\n<p>When people visit Mexico, tasting the typical dishes is a whole experience, but traditional drinks don&#39;t stay behind, they are also basic elements of Mexican cuisine.</p>\r\n\r\n<p>Since the world-renowned tequila, even the wide variety of fresh water, the Mexican drinks are delicious and because they are always present at the table, it is sea during the festivities or during the day.</p>\r\n\r\n<p>In this article we bring you a list of the most popular drinks around the whole country, so that you don&#39;t have to try.</p>",
        "publish_date": "2022-09-03",
        "article_snippet": "",
        "likes": []
      }
    },
    {
      "model": "world.post",
      "pk": 41,
      "fields": {
        "title": "Maldives",
        "title_tag": "",
        "header_img": "media/images/088-el-mar1_n1ztrq",
        "image": "placeholder",
        "author": 1,
        "category": "Travel",
        "body": "<p>The Maldives are on the list of places that everyone dreams of visiting at least once in their lifetime. The perfect beaches with white sand and a sea with striking tones and the luxurious bungalows over the sea form an unforgettable and romantic setting! It is no wonder that the archipelago is the dream destination of celebrities and honeymooners.</p>\r\n\r\n<p>Although the Maldives Islands are recognized as a luxury destination, it is not necessary to win the lottery to experience this paradise! Check out some tips to make the dream of visiting this incredible destination and its best beaches come true, saving on airfare, accommodation and food.</p>",
        "publish_date": "2022-09-03",
        "article_snippet": "",
        "likes": [
          37
        ]
      }
    },
    {
      "model": "world.comment",
      "pk": 1,
      "fields": {
        "post": 8,
        "name": "Arthur",
        "body": "Good content",
        "date_added": "2022-04-07T17:34:55.882Z"
      }
    },
    {
      "model": "world.comment",
      "pk": 2,
      "fields": {
        "post": 8,
        "name": "Food",
        "body": "good",
        "date_added": "2022-04-07T17:57:48.836Z"
      }
    },
    {
      "model": "world.comment",
      "pk": 6,
      "fields": {
        "post": 15,
        "name": "test",
        "body": "test",
        "date_added": "2022-05-06T02:22:24.502Z"
      }
    },
    {
      "model": "world.comment",
      "pk": 19,
      "fields": {
        "post": 8,
        "name": "admin",
        "body": "Nice post!",
        "date_added": "2022-08-24T20:33:52.605Z"
      }
    },
    {
      "model": "world.comment",
      "pk": 20,
      "fields": {
        "post": 8,
        "name": "admin",
        "body": "Nice post!",
        "date_added": "2022-08-24T20:34:12.121Z"
      }
    },
    {
      "model": "world.comment",
      "pk": 21,
      "fields": {
        "post": 6,
        "name": "Arthur",
        "body": "Nice Post!",
        "date_added": "2022-08-24T20:35:11.520Z"
      }
    },
    {
      "model": "world.comment",
      "pk": 22,
      "fields": {
        "post": 6,
        "name": "Tutor",
        "body": "sdkjgndfkjgnkdjn",
        "date_added": "2022-08-24T20:38:23.486Z"
      }
    },
    {
      "model": "world.comment",
      "pk": 23,
      "fields": {
        "post": 5,
        "name": "Food",
        "body": "Very good reccomendation",
        "date_added": "2022-08-26T21:43:29.969Z"
      }
    },
    {
      "model": "world.comment",
      "pk": 24,
      "fields": {
        "post": 33,
        "name": "Arthur",
        "body": "Nice post!",
        "date_added": "2022-08-27T21:31:00.001Z"
      }
    },
    {
      "model": "world.comment",
      "pk": 26,
      "fields": {
        "post": 6,
        "name": "Arthur Neto",
        "body": "can't wait for my next adventure",
        "date_added": "2022-09-02T11:14:07.088Z"
      }
    },
    {
      "model": "world.comment",
      "pk": 30,
      "fields": {
        "post": 32,
        "name": "AndreCarlos",
        "body": "My favorite drink!",
        "date_added": "2022-09-03T15:23:46.829Z"
      }
    },
    {
      "model": "world.comment",
      "pk": 31,
      "fields": {
        "post": 38,
        "name": "Arthur Neto",
        "body": "I love Spain",
        "date_added": "2022-09-03T16:26:26.103Z"
      }
    },
    {
      "model": "world.comment",
      "pk": 32,
      "fields": {
        "post": 39,
        "name": "Arthur Neto",
        "body": "Mojito are the best",
        "date_added": "2022-09-03T16:29:29.119Z"
      }
    },
    {
      "model": "world.comment",
      "pk": 33,
      "fields": {
        "post": 39,
        "name": "NetoCarlo",
        "body": "Nice article!",
        "date_added": "2022-09-03T21:05:04.619Z"
      }
    },
    {
      "model": "world.comment",
      "pk": 34,
      "fields": {
        "post": 32,
        "name": "Paulo",
        "body": "Great article!",
        "date_added": "2022-09-04T05:05:06.792Z"
      }
    }
  ]